,method,graph_type,planted_k,planted_gamma,bipartite,trial,num_true_positive,num_detected,num_total,time,method_params,detected_density,actual_density
0,densest_subgraph,,2,1.0,False,0,2,596,596,0.07565194765726725,,0.05667757035700186,1.0
1,densest_subgraph,,2,1.0,False,1,2,596,596,0.07369211912155152,,0.05667757035700186,1.0
2,densest_subgraph,,2,1.0,False,2,2,596,596,0.07070416609446208,,0.05667757035700186,1.0
3,densest_subgraph,,2,1.0,False,3,2,596,596,0.07187968492507935,,0.05667757035700186,1.0
4,densest_subgraph,,2,1.0,False,4,2,596,596,0.07376953363418579,,0.05667757035700186,1.0
5,densest_subgraph,,2,1.0,False,5,2,596,596,0.07246986627578736,,0.05667757035700186,1.0
6,densest_subgraph,,2,1.0,False,6,2,596,596,0.07988086938858033,,0.05667757035700186,1.0
7,densest_subgraph,,2,1.0,False,7,2,596,596,0.08505502144495646,,0.056674750437087584,1.0
8,densest_subgraph,,2,1.0,False,8,2,596,596,0.08218298355738322,,0.05667757035700186,1.0
9,densest_subgraph,,2,1.0,False,9,2,596,596,0.08473790089289347,,0.05667757035700186,1.0
0,densest_subgraph,,3,1.0,False,0,3,596,596,0.081747833887736,,0.05668885003665896,1.0
1,densest_subgraph,,3,1.0,False,1,3,596,596,0.08182729880015055,,0.05667757035700186,1.0
2,densest_subgraph,,3,1.0,False,2,3,596,596,0.08064918120702108,,0.05668885003665896,1.0
3,densest_subgraph,,3,1.0,False,3,3,596,596,0.08389644622802735,,0.05668885003665896,1.0
4,densest_subgraph,,3,1.0,False,4,3,596,596,0.0850554863611857,,0.05668885003665896,1.0
5,densest_subgraph,,3,1.0,False,5,3,596,596,0.08427077929178874,,0.05668885003665896,1.0
6,densest_subgraph,,3,1.0,False,6,3,596,596,0.08313663403193156,,0.05668603011674468,1.0
7,densest_subgraph,,3,1.0,False,7,3,596,596,0.07964971462885538,,0.05668885003665896,1.0
8,densest_subgraph,,3,1.0,False,8,3,596,596,0.07759888172149658,,0.05668603011674468,1.0
9,densest_subgraph,,3,1.0,False,9,3,596,596,0.0791428804397583,,0.05668885003665896,1.0
0,densest_subgraph,,4,1.0,False,0,4,596,596,0.07414561907450358,,0.05670012971631606,1.0
1,densest_subgraph,,4,1.0,False,1,4,596,596,0.07203273375829061,,0.056705769556144606,1.0
2,densest_subgraph,,4,1.0,False,2,4,596,596,0.0718953529993693,,0.05669448987648751,1.0
3,densest_subgraph,,4,1.0,False,3,4,596,596,0.07057137091954549,,0.05670294963623033,1.0
4,densest_subgraph,,4,1.0,False,4,4,596,596,0.07000601689020793,,0.05670012971631606,1.0
5,densest_subgraph,,4,1.0,False,5,4,596,596,0.07152236302693685,,0.056705769556144606,1.0
6,densest_subgraph,,4,1.0,False,6,4,596,596,0.0716410477956136,,0.056705769556144606,1.0
7,densest_subgraph,,4,1.0,False,7,4,596,596,0.0688360850016276,,0.056705769556144606,1.0
8,densest_subgraph,,4,1.0,False,8,4,596,596,0.07627196311950683,,0.05670294963623033,1.0
9,densest_subgraph,,4,1.0,False,9,4,596,596,0.0761439323425293,,0.05670012971631606,1.0
0,densest_subgraph,,5,1.0,False,0,5,596,596,0.0719701329867045,,0.05672550899554453,1.0
1,densest_subgraph,,5,1.0,False,1,5,596,596,0.07108027935028076,,0.05672550899554453,1.0
2,densest_subgraph,,5,1.0,False,2,5,596,596,0.08118234872817993,,0.05671986915571598,1.0
3,densest_subgraph,,5,1.0,False,3,5,596,596,0.07354721625645956,,0.0567283289154588,1.0
4,densest_subgraph,,5,1.0,False,4,5,596,596,0.07045565048853557,,0.05672550899554453,1.0
5,densest_subgraph,,5,1.0,False,5,5,596,596,0.07027500073115031,,0.05672268907563025,1.0
6,densest_subgraph,,5,1.0,False,6,5,596,596,0.0788666327794393,,0.05671986915571598,1.0
7,densest_subgraph,,5,1.0,False,7,5,596,596,0.0713208039601644,,0.05671986915571598,1.0
8,densest_subgraph,,5,1.0,False,8,5,596,596,0.07011075019836426,,0.0567283289154588,1.0
9,densest_subgraph,,5,1.0,False,9,5,596,596,0.07549433708190918,,0.056705769556144606,1.0
0,densest_subgraph,,6,1.0,False,0,6,596,596,0.07340794801712036,,0.056748068354858724,1.0
1,densest_subgraph,,6,1.0,False,1,6,596,596,0.0697686513264974,,0.056748068354858724,1.0
2,densest_subgraph,,6,1.0,False,2,6,596,596,0.07174428304036458,,0.05675370819468727,1.0
3,densest_subgraph,,6,1.0,False,3,6,596,596,0.071581236521403,,0.056756528114601544,1.0
4,densest_subgraph,,6,1.0,False,4,6,596,596,0.0702536145846049,,0.056748068354858724,1.0
5,densest_subgraph,,6,1.0,False,5,6,596,596,0.07114525238672892,,0.05674524843494445,1.0
6,densest_subgraph,,6,1.0,False,6,6,596,596,0.07031025091807047,,0.056748068354858724,1.0
7,densest_subgraph,,6,1.0,False,7,6,596,596,0.07321320374806722,,0.05674524843494445,1.0
8,densest_subgraph,,6,1.0,False,8,6,596,596,0.071196182568868,,0.05675370819468727,1.0
9,densest_subgraph,,6,1.0,False,9,6,596,596,0.07328109741210938,,0.05674524843494445,1.0
0,densest_subgraph,,7,1.0,False,0,7,596,596,0.07174938519795736,,0.05677626755400147,1.0
1,densest_subgraph,,7,1.0,False,1,7,596,596,0.07258586883544922,,0.05677626755400147,1.0
2,densest_subgraph,,7,1.0,False,2,7,596,596,0.0714852531750997,,0.05677626755400147,1.0
3,densest_subgraph,,7,1.0,False,3,7,596,596,0.07016048431396485,,0.05677626755400147,1.0
4,densest_subgraph,,7,1.0,False,4,7,596,596,0.08157681624094645,,0.05677908747391574,1.0
5,densest_subgraph,,7,1.0,False,5,7,596,596,0.0722287138303121,,0.05678472731374429,1.0
6,densest_subgraph,,7,1.0,False,6,7,596,596,0.07122828563054402,,0.05677626755400147,1.0
7,densest_subgraph,,7,1.0,False,7,7,596,596,0.07087108294169107,,0.056790367153572836,1.0
8,densest_subgraph,,7,1.0,False,8,7,596,596,0.06947530110677083,,0.05678190739383002,1.0
9,densest_subgraph,,7,1.0,False,9,7,596,596,0.06967939933141072,,0.05677062771417292,1.0
0,densest_subgraph,,8,1.0,False,0,8,596,596,0.07112895250320435,,0.05679882691331566,1.0
1,densest_subgraph,,8,1.0,False,1,8,596,596,0.07329831918080648,,0.05681292651288703,1.0
2,densest_subgraph,,8,1.0,False,2,8,596,596,0.07188654740651448,,0.05682420619254413,1.0
3,densest_subgraph,,8,1.0,False,3,8,596,596,0.07297146717707316,,0.05681010659297276,1.0
4,densest_subgraph,,8,1.0,False,4,8,596,596,0.07189298470815023,,0.05681292651288703,1.0
5,densest_subgraph,,8,1.0,False,5,8,596,596,0.07132064898808797,,0.05682138627262986,1.0
6,densest_subgraph,,8,1.0,False,6,8,596,596,0.07430155277252197,,0.05681292651288703,1.0
7,densest_subgraph,,8,1.0,False,7,8,596,596,0.07118424971898397,,0.05681292651288703,1.0
8,densest_subgraph,,8,1.0,False,8,8,596,596,0.07307151556015015,,0.05681574643280131,1.0
9,densest_subgraph,,8,1.0,False,9,8,596,596,0.07067556381225586,,0.05681574643280131,1.0
0,densest_subgraph,,9,1.0,False,0,9,596,596,0.07768681844075521,,0.056863685071343976,1.0
1,densest_subgraph,,9,1.0,False,1,9,596,596,0.0710720976193746,,0.0568608651514297,1.0
2,densest_subgraph,,9,1.0,False,2,9,596,596,0.07093323469161987,,0.05686650499125825,1.0
3,densest_subgraph,,9,1.0,False,3,9,596,596,0.07214697996775309,,0.05681856635271558,1.0
4,densest_subgraph,,9,1.0,False,4,9,596,596,0.07375001907348633,,0.056863685071343976,1.0
5,densest_subgraph,,9,1.0,False,5,9,596,596,0.07148310343424479,,0.05685804523151543,1.0
6,densest_subgraph,,9,1.0,False,6,9,596,596,0.07488323450088501,,0.056863685071343976,1.0
7,densest_subgraph,,9,1.0,False,7,9,596,596,0.07195508480072021,,0.05684112571202978,1.0
8,densest_subgraph,,9,1.0,False,8,9,596,596,0.07184784809748332,,0.05685804523151543,1.0
9,densest_subgraph,,9,1.0,False,9,9,596,596,0.07031395037968953,,0.05685522531160115,1.0
0,densest_subgraph,,10,1.0,False,0,10,596,596,0.07354001998901367,,0.056874964751001074,1.0
1,densest_subgraph,,10,1.0,False,1,10,596,596,0.07275958061218261,,0.05690034403022954,1.0
2,densest_subgraph,,10,1.0,False,2,10,596,596,0.0761904001235962,,0.05691162370988664,1.0
3,densest_subgraph,,10,1.0,False,3,10,596,596,0.07175163427988689,,0.05690034403022954,1.0
4,densest_subgraph,,10,1.0,False,4,10,596,596,0.07260573705037435,,0.056920083469629464,1.0
5,densest_subgraph,,10,1.0,False,5,10,596,596,0.07214204867680868,,0.05689188427048672,1.0
6,densest_subgraph,,10,1.0,False,6,10,596,596,0.07135560115178426,,0.05689188427048672,1.0
7,densest_subgraph,,10,1.0,False,7,10,596,596,0.07207911411921183,,0.05690316395014382,1.0
8,densest_subgraph,,10,1.0,False,8,10,596,596,0.07386201620101929,,0.05690316395014382,1.0
9,densest_subgraph,,10,1.0,False,9,10,596,596,0.07108771403630575,,0.05688906435057244,1.0
0,densest_subgraph,,11,1.0,False,0,11,596,596,0.07228251695632934,,0.05693418306920083,1.0
1,densest_subgraph,,11,1.0,False,1,11,596,596,0.07018628120422363,,0.05696238226834358,1.0
2,densest_subgraph,,11,1.0,False,2,11,596,596,0.07145540316899618,,0.05695110258868648,1.0
3,densest_subgraph,,11,1.0,False,3,11,596,596,0.07244408130645752,,0.0569708420280864,1.0
4,densest_subgraph,,11,1.0,False,4,11,596,596,0.07140058279037476,,0.05695110258868648,1.0
5,densest_subgraph,,11,1.0,False,5,11,596,596,0.07152243455251057,,0.056953922508600756,1.0
6,densest_subgraph,,11,1.0,False,6,11,596,596,0.07180894613265991,,0.05692854322937228,1.0
7,densest_subgraph,,11,1.0,False,7,11,596,596,0.0711091160774231,,0.05694546274885793,1.0
8,densest_subgraph,,11,1.0,False,8,11,596,596,0.07036598126093546,,0.05694828266877221,1.0
9,densest_subgraph,,11,1.0,False,9,11,596,596,0.07215686639149983,,0.05696238226834358,1.0
0,densest_subgraph,,12,1.0,False,0,12,596,596,0.07109572092692057,,0.05701596074671479,1.0
1,densest_subgraph,,12,1.0,False,1,12,596,596,0.07052316665649414,,0.05700186114714342,1.0
2,densest_subgraph,,12,1.0,False,2,12,596,596,0.07157076199849446,,0.056999041227229146,1.0
3,densest_subgraph,,12,1.0,False,3,12,596,596,0.07112693389256795,,0.05702160058654334,1.0
4,densest_subgraph,,12,1.0,False,4,12,596,596,0.07083768447240193,,0.05700750098697197,1.0
5,densest_subgraph,,12,1.0,False,5,12,596,596,0.07000488042831421,,0.057004681067057694,1.0
6,densest_subgraph,,12,1.0,False,6,12,596,596,0.07157666683197021,,0.056996221307314875,1.0
7,densest_subgraph,,12,1.0,False,7,12,596,596,0.0698755661646525,,0.056996221307314875,1.0
8,densest_subgraph,,12,1.0,False,8,12,596,596,0.0703985333442688,,0.05701878066662907,1.0
9,densest_subgraph,,12,1.0,False,9,12,596,596,0.07233126958211263,,0.05701032090688624,1.0
0,densest_subgraph,,13,1.0,False,0,13,596,596,0.07212619781494141,,0.05707517906491456,1.0
1,densest_subgraph,,13,1.0,False,1,13,596,596,0.07067294915517171,,0.057080818904743105,1.0
2,densest_subgraph,,13,1.0,False,2,13,596,596,0.07424977223078409,,0.05707799898482883,1.0
3,densest_subgraph,,13,1.0,False,3,13,596,596,0.06998933553695678,,0.05704697986577181,1.0
4,densest_subgraph,,13,1.0,False,4,13,596,596,0.06996519565582275,,0.05705825954542891,1.0
5,densest_subgraph,,13,1.0,False,5,13,596,596,0.0764108141263326,,0.05708927866448593,1.0
6,densest_subgraph,,13,1.0,False,6,13,596,596,0.07212505340576172,,0.057086458744571654,1.0
7,densest_subgraph,,13,1.0,False,7,13,596,596,0.0710814634958903,,0.057086458744571654,1.0
8,densest_subgraph,,13,1.0,False,8,13,596,596,0.07446579933166504,,0.05706389938525746,1.0
9,densest_subgraph,,13,1.0,False,9,13,596,596,0.07583528359731039,,0.05708363882465738,1.0
0,densest_subgraph,,14,1.0,False,0,14,596,596,0.08710229794184367,,0.05712875754328577,1.0
1,densest_subgraph,,14,1.0,False,1,14,596,596,0.0746108333269755,,0.05714285714285714,1.0
2,densest_subgraph,,14,1.0,False,2,14,596,596,0.07697970072428385,,0.05715977666234279,1.0
3,densest_subgraph,,14,1.0,False,3,14,596,596,0.08714414834976196,,0.05714285714285714,1.0
4,densest_subgraph,,14,1.0,False,4,14,596,596,0.07764424880345662,,0.05715131690259997,1.0
5,densest_subgraph,,14,1.0,False,5,14,596,596,0.07381003697713216,,0.05714567706277142,1.0
6,densest_subgraph,,14,1.0,False,6,14,596,596,0.07293121814727783,,0.05714849698268569,1.0
7,densest_subgraph,,14,1.0,False,7,14,596,596,0.07161051829655965,,0.05714285714285714,1.0
8,densest_subgraph,,14,1.0,False,8,14,596,596,0.07445913553237915,,0.057120297783542946,1.0
9,densest_subgraph,,14,1.0,False,9,14,596,596,0.076551087697347,,0.057131577463200044,1.0
0,densest_subgraph,,15,1.0,False,0,15,596,596,0.0716538667678833,,0.0572359145000282,1.0
1,densest_subgraph,,15,1.0,False,1,15,596,596,0.07271708250045776,,0.057213355140714,1.0
2,densest_subgraph,,15,1.0,False,2,15,596,596,0.07190699974695841,,0.05717669618182843,1.0
3,densest_subgraph,,15,1.0,False,3,15,596,596,0.07014269828796386,,0.0572246348203711,1.0
4,densest_subgraph,,15,1.0,False,4,15,596,596,0.07180170218149821,,0.0572359145000282,1.0
5,densest_subgraph,,15,1.0,False,5,15,596,596,0.07113364934921265,,0.0572246348203711,1.0
6,densest_subgraph,,15,1.0,False,6,15,596,596,0.07501681248346964,,0.05719361570131408,1.0
7,densest_subgraph,,15,1.0,False,7,15,596,596,0.07157603104909262,,0.057207715300885455,1.0
8,densest_subgraph,,15,1.0,False,8,15,596,596,0.07162438233693441,,0.05719361570131408,1.0
9,densest_subgraph,,15,1.0,False,9,15,596,596,0.07100516557693481,,0.05718515594157126,1.0
0,densest_subgraph,,16,1.0,False,0,16,596,596,0.07223528623580933,,0.05730923241779933,1.0
1,densest_subgraph,,16,1.0,False,1,16,596,596,0.07279216845830282,,0.05730359257797078,1.0
2,densest_subgraph,,16,1.0,False,2,16,596,596,0.07238769928614298,,0.057292312898313685,1.0
3,densest_subgraph,,16,1.0,False,3,16,596,596,0.07404073079427083,,0.05727257345891377,1.0
4,densest_subgraph,,16,1.0,False,4,16,596,596,0.07423375050226848,,0.05726129377925667,1.0
5,densest_subgraph,,16,1.0,False,5,16,596,596,0.07154246568679809,,0.057292312898313685,1.0
6,densest_subgraph,,16,1.0,False,6,16,596,596,0.07165016333262125,,0.057292312898313685,1.0
7,densest_subgraph,,16,1.0,False,7,16,596,596,0.07250423431396484,,0.05727539337882804,1.0
8,densest_subgraph,,16,1.0,False,8,16,596,596,0.07220308383305868,,0.05731769217754216,1.0
9,densest_subgraph,,16,1.0,False,9,16,596,596,0.07452266613642375,,0.057289492978399414,1.0
0,densest_subgraph,,17,1.0,False,0,17,596,596,0.0918929656346639,,0.05734871129659918,1.0
1,densest_subgraph,,17,1.0,False,1,17,596,596,0.07059178352355958,,0.05733743161694208,1.0
2,densest_subgraph,,17,1.0,False,2,17,596,596,0.07177375157674154,,0.057371270655913374,1.0
3,densest_subgraph,,17,1.0,False,3,17,596,596,0.0734463373819987,,0.05738255033557047,1.0
4,densest_subgraph,,17,1.0,False,4,17,596,596,0.07950239976247152,,0.05734025153685635,1.0
5,densest_subgraph,,17,1.0,False,5,17,596,596,0.08597819805145264,,0.05735999097625628,1.0
6,densest_subgraph,,17,1.0,False,6,17,596,596,0.08847363392512003,,0.05738819017539902,1.0
7,densest_subgraph,,17,1.0,False,7,17,596,596,0.08945203224817912,,0.05738819017539902,1.0
8,densest_subgraph,,17,1.0,False,8,17,596,596,0.08416598637898763,,0.057365630816084826,1.0
9,densest_subgraph,,17,1.0,False,9,17,596,596,0.08104634682337443,,0.05737691049574192,1.0
0,densest_subgraph,,18,1.0,False,0,18,596,596,0.07569948434829712,,0.05747560769274153,1.0
1,densest_subgraph,,18,1.0,False,1,18,596,596,0.0720524787902832,,0.05746432801308443,1.0
2,densest_subgraph,,18,1.0,False,2,18,596,596,0.07573996782302857,,0.057492527212227175,1.0
3,densest_subgraph,,18,1.0,False,3,18,596,596,0.07260008653004964,,0.05746996785291298,1.0
4,densest_subgraph,,18,1.0,False,4,18,596,596,0.07453900178273519,,0.057455868253341605,1.0
5,densest_subgraph,,18,1.0,False,5,18,596,596,0.07420126597086589,,0.057498167052055724,1.0
6,densest_subgraph,,18,1.0,False,6,18,596,596,0.08029075066248575,,0.05747278777282725,1.0
7,densest_subgraph,,18,1.0,False,7,18,596,596,0.07379966974258423,,0.05743612881394168,1.0
8,densest_subgraph,,18,1.0,False,8,18,596,596,0.0748656193415324,,0.05746432801308443,1.0
9,densest_subgraph,,18,1.0,False,9,18,596,596,0.0788440982500712,,0.057455868253341605,1.0
0,densest_subgraph,,19,1.0,False,0,19,596,596,0.07386600176493327,,0.057532006091027016,1.0
1,densest_subgraph,,19,1.0,False,1,19,596,596,0.07159003416697184,,0.05756302521008403,1.0
2,densest_subgraph,,19,1.0,False,2,19,596,596,0.07927075227101645,,0.057574304889741135,1.0
3,densest_subgraph,,19,1.0,False,3,19,596,596,0.07493811845779419,,0.05755456545034121,1.0
4,densest_subgraph,,19,1.0,False,4,19,596,596,0.071988316377004,,0.0575884044893125,1.0
5,densest_subgraph,,19,1.0,False,5,19,596,596,0.07138183116912841,,0.057577124809655406,1.0
6,densest_subgraph,,19,1.0,False,6,19,596,596,0.07129884958267212,,0.057540465850769835,1.0
7,densest_subgraph,,19,1.0,False,7,19,596,596,0.07437776724497477,,0.05751508657154137,1.0
8,densest_subgraph,,19,1.0,False,8,19,596,596,0.07182948191960653,,0.05758558456939823,1.0
9,densest_subgraph,,19,1.0,False,9,19,596,596,0.06945795218149821,,0.05756584512999831,1.0
0,densest_subgraph,,20,1.0,False,0,20,596,596,0.07057953278223673,,0.05760532400879815,1.0
1,densest_subgraph,,20,1.0,False,1,20,596,596,0.07031571467717489,,0.057667362246912185,1.0
2,densest_subgraph,,20,1.0,False,2,20,596,596,0.07241499821345011,,0.05767018216682646,1.0
3,densest_subgraph,,20,1.0,False,3,20,596,596,0.06934953530629476,,0.057664542326997914,1.0
4,densest_subgraph,,20,1.0,False,4,20,596,596,0.07367941935857138,,0.05765326264734082,1.0
5,densest_subgraph,,20,1.0,False,5,20,596,596,0.07101850112279257,,0.05761660368845525,1.0
6,densest_subgraph,,20,1.0,False,6,20,596,596,0.07013949950536093,,0.05763352320794089,1.0
7,densest_subgraph,,20,1.0,False,7,20,596,596,0.06995670000712077,,0.057664542326997914,1.0
8,densest_subgraph,,20,1.0,False,8,20,596,596,0.06916201909383138,,0.05764762280751227,1.0
9,densest_subgraph,,20,1.0,False,9,20,596,596,0.0698452631632487,,0.05763916304776944,1.0
0,densest_subgraph,,21,1.0,False,0,21,596,596,0.07121524810791016,,0.05776887936382607,1.0
1,densest_subgraph,,21,1.0,False,1,21,596,596,0.07200090090433757,,0.057743500084597596,1.0
2,densest_subgraph,,21,1.0,False,2,21,596,596,0.07095871766408285,,0.0577209407252834,1.0
3,densest_subgraph,,21,1.0,False,3,21,596,596,0.06928458213806152,,0.0577209407252834,1.0
4,densest_subgraph,,21,1.0,False,4,21,596,596,0.07004690170288086,,0.057698381365969206,1.0
5,densest_subgraph,,21,1.0,False,5,21,596,596,0.07032994826634725,,0.057735040324854776,1.0
6,densest_subgraph,,21,1.0,False,6,21,596,596,0.06969518264134725,,0.057704021205797755,1.0
7,densest_subgraph,,21,1.0,False,7,21,596,596,0.07068742911020914,,0.057794258643054534,1.0
8,densest_subgraph,,21,1.0,False,8,21,596,596,0.07335928281148275,,0.05779989848288308,1.0
9,densest_subgraph,,21,1.0,False,9,21,596,596,0.06925856669743856,,0.057794258643054534,1.0
0,densest_subgraph,,22,1.0,False,0,22,596,596,0.07136311928431192,,0.057861936720997126,1.0
1,densest_subgraph,,22,1.0,False,1,22,596,596,0.06973465283711751,,0.05789013592013987,1.0
2,densest_subgraph,,22,1.0,False,2,22,596,596,0.06870789925257365,,0.05785065704134003,1.0
3,densest_subgraph,,22,1.0,False,3,22,596,596,0.06991712252298991,,0.0578534769612543,1.0
4,densest_subgraph,,22,1.0,False,4,22,596,596,0.07033344904581705,,0.05783655744176865,1.0
5,densest_subgraph,,22,1.0,False,5,22,596,596,0.07188820044199626,,0.05784783712142575,1.0
6,densest_subgraph,,22,1.0,False,6,22,596,596,0.07067216634750366,,0.05787885624048277,1.0
7,densest_subgraph,,22,1.0,False,7,22,596,596,0.06967800060908,,0.05781399808245446,1.0
8,densest_subgraph,,22,1.0,False,8,22,596,596,0.07124414841334024,,0.05787885624048277,1.0
9,densest_subgraph,,22,1.0,False,9,22,596,596,0.07085989713668824,,0.05780271840279736,1.0
0,densest_subgraph,,23,1.0,False,0,23,596,596,0.06966063181559244,,0.05793243471885398,1.0
1,densest_subgraph,,23,1.0,False,1,23,596,596,0.0696832021077474,,0.058036771755682136,1.0
2,densest_subgraph,,23,1.0,False,2,23,596,596,0.0710871696472168,,0.05801985223619649,1.0
3,densest_subgraph,,23,1.0,False,3,23,596,596,0.07084381580352783,,0.057994472956968024,1.0
4,densest_subgraph,,23,1.0,False,4,23,596,596,0.06945830186208089,,0.057991653037053746,1.0
5,densest_subgraph,,23,1.0,False,5,23,596,596,0.06973578135172526,,0.05801703231628222,1.0
6,densest_subgraph,,23,1.0,False,6,23,596,596,0.06999940077463786,,0.05800011279679657,1.0
7,densest_subgraph,,23,1.0,False,7,23,596,596,0.06981746753056844,,0.057921155039196884,1.0
8,densest_subgraph,,23,1.0,False,8,23,596,596,0.0711520512898763,,0.05798319327731093,1.0
9,densest_subgraph,,23,1.0,False,9,23,596,596,0.07106130520502726,,0.057997292876882295,1.0
0,densest_subgraph,,24,1.0,False,0,24,596,596,0.07173103094100952,,0.05811290959336755,1.0
1,densest_subgraph,,24,1.0,False,1,24,596,596,0.0702789306640625,,0.05810444983362473,1.0
2,densest_subgraph,,24,1.0,False,2,24,596,596,0.07042361895243326,,0.05811290959336755,1.0
3,densest_subgraph,,24,1.0,False,3,24,596,596,0.07102154890696208,,0.05806215103491061,1.0
4,densest_subgraph,,24,1.0,False,4,24,596,596,0.07085046370824179,,0.058115729513281825,1.0
5,densest_subgraph,,24,1.0,False,5,24,596,596,0.0698069175084432,,0.058042411595510685,1.0
6,densest_subgraph,,24,1.0,False,6,24,596,596,0.0725035031636556,,0.058076250634481984,1.0
7,densest_subgraph,,24,1.0,False,7,24,596,596,0.07084328730901082,,0.05812136935311037,1.0
8,densest_subgraph,,24,1.0,False,8,24,596,596,0.06975131829579671,,0.05803113191585359,1.0
9,densest_subgraph,,24,1.0,False,9,24,596,596,0.07193447748819987,,0.05805651119508206,1.0
0,densest_subgraph,,25,1.0,False,0,25,596,596,0.07192241748174032,,0.05823416614968135,1.0
1,densest_subgraph,,25,1.0,False,1,25,596,596,0.0706303318341573,,0.058242625909424174,1.0
2,densest_subgraph,,25,1.0,False,2,25,596,596,0.0707549810409546,,0.05819468727088151,1.0
3,densest_subgraph,,25,1.0,False,3,25,596,596,0.07178455193837484,,0.05818622751113869,1.0
4,densest_subgraph,,25,1.0,False,4,25,596,596,0.070480215549469,,0.058245445829338445,1.0
5,densest_subgraph,,25,1.0,False,5,25,596,596,0.07166466712951661,,0.05826800518865264,1.0
6,densest_subgraph,,25,1.0,False,6,25,596,596,0.07022428115208944,,0.058169307991653034,1.0
7,densest_subgraph,,25,1.0,False,7,25,596,596,0.06934489806493123,,0.058239805989509896,1.0
8,densest_subgraph,,25,1.0,False,8,25,596,596,0.07003209590911866,,0.05825390558908127,1.0
9,densest_subgraph,,25,1.0,False,9,25,596,596,0.07079774538675944,,0.05820314703062433,1.0
0,densest_subgraph,,26,1.0,False,0,26,596,596,0.07375094890594483,,0.05837798206530934,1.0
1,densest_subgraph,,26,1.0,False,1,26,596,596,0.07014269828796386,,0.058284924708138286,1.0
2,densest_subgraph,,26,1.0,False,2,26,596,596,0.07014153401056926,,0.05830184422762393,1.0
3,densest_subgraph,,26,1.0,False,3,26,596,596,0.07102118333180746,,0.058327223506852405,1.0
4,densest_subgraph,,26,1.0,False,4,26,596,596,0.07011366287867228,,0.05831594382719531,1.0
5,densest_subgraph,,26,1.0,False,5,26,596,596,0.07407466570536296,,0.05831030398736676,1.0
6,densest_subgraph,,26,1.0,False,6,26,596,596,0.0706262191136678,,0.058366702385652246,1.0
7,densest_subgraph,,26,1.0,False,7,26,596,596,0.071397598584493,,0.058358242625909426,1.0
8,densest_subgraph,,26,1.0,False,8,26,596,596,0.0711310346921285,,0.05834132310642378,1.0
9,densest_subgraph,,26,1.0,False,9,26,596,596,0.07148093779881795,,0.058245445829338445,1.0
0,densest_subgraph,,27,1.0,False,0,27,596,596,0.07002848386764526,,0.05842592070385201,1.0
1,densest_subgraph,,27,1.0,False,1,27,596,596,0.0714255968729655,,0.05846821950256613,1.0
2,densest_subgraph,,27,1.0,False,2,27,596,596,0.06992998123168945,,0.058487958941966046,1.0
3,densest_subgraph,,27,1.0,False,3,27,596,596,0.07386746406555175,,0.05856127685973719,1.0
4,densest_subgraph,,27,1.0,False,4,27,596,596,0.07600591182708741,,0.0584710394224804,1.0
5,densest_subgraph,,27,1.0,False,5,27,596,596,0.07483228842417398,,0.058487958941966046,1.0
6,densest_subgraph,,27,1.0,False,6,27,596,596,0.07293014923731486,,0.058533077660594436,1.0
7,densest_subgraph,,27,1.0,False,7,27,596,596,0.07221872011820475,,0.058485139022051776,1.0
8,densest_subgraph,,27,1.0,False,8,27,596,596,0.07116851409276327,,0.05850487846145169,1.0
9,densest_subgraph,,27,1.0,False,9,27,596,596,0.07102405230204265,,0.05844284022333766,1.0
0,densest_subgraph,,28,1.0,False,0,28,596,596,0.07152826388676961,,0.05867407365630816,1.0
1,densest_subgraph,,28,1.0,False,1,28,596,596,0.07206741571426392,,0.058614855338108396,1.0
2,densest_subgraph,,28,1.0,False,2,28,596,596,0.0754148284594218,,0.05855563701990864,1.0
3,densest_subgraph,,28,1.0,False,3,28,596,596,0.07053321599960327,,0.058544357340251534,1.0
4,densest_subgraph,,28,1.0,False,4,28,596,596,0.070858633518219,,0.05864023461733687,1.0
5,densest_subgraph,,28,1.0,False,5,28,596,596,0.06993439992268881,,0.05863459477750832,1.0
6,densest_subgraph,,28,1.0,False,6,28,596,596,0.07257394790649414,,0.058657154136822515,1.0
7,densest_subgraph,,28,1.0,False,7,28,596,596,0.07145653565724691,,0.058569736619480006,1.0
8,densest_subgraph,,28,1.0,False,8,28,596,596,0.0739189346631368,,0.05855281709999436,1.0
9,densest_subgraph,,28,1.0,False,9,28,596,596,0.0709973971048991,,0.0586035756584513,1.0
0,densest_subgraph,,29,1.0,False,0,29,596,596,0.07175483306248982,,0.058829169251593254,1.0
1,densest_subgraph,,29,1.0,False,1,29,596,596,0.06999756495157877,,0.058747391574079294,1.0
2,densest_subgraph,,29,1.0,False,2,29,596,596,0.0698153018951416,,0.0587248322147651,1.0
3,densest_subgraph,,29,1.0,False,3,29,596,596,0.0712280511856079,,0.05873047205459365,1.0
4,densest_subgraph,,29,1.0,False,4,29,596,596,0.07101314862569173,,0.05870791269527945,1.0
5,densest_subgraph,,29,1.0,False,5,29,596,596,0.07170261144638061,,0.05869945293553663,1.0
6,densest_subgraph,,29,1.0,False,6,29,596,596,0.07021638552347818,,0.05865433421690824,1.0
7,densest_subgraph,,29,1.0,False,7,29,596,596,0.0706581155459086,,0.05875867125373639,1.0
8,densest_subgraph,,29,1.0,False,8,29,596,596,0.07220991452534993,,0.05879533021262196,1.0
9,densest_subgraph,,29,1.0,False,9,29,596,596,0.06963146527608235,,0.05875867125373639,1.0
0,densest_subgraph,,30,1.0,False,0,30,596,596,0.07016704877217611,,0.05871919237493655,1.0
1,densest_subgraph,,30,1.0,False,1,30,596,596,0.07067251602808634,,0.058829169251593254,1.0
2,densest_subgraph,,30,1.0,False,2,30,596,596,0.07293588717778524,,0.05881224973210761,1.0
3,densest_subgraph,,30,1.0,False,3,30,596,596,0.06983850002288819,,0.05895888556764988,1.0
4,densest_subgraph,,30,1.0,False,4,30,596,596,0.0702231486638387,,0.05887146805030737,1.0
5,densest_subgraph,,30,1.0,False,5,30,596,596,0.07096928755442301,,0.05892786644859286,1.0
6,densest_subgraph,,30,1.0,False,6,30,596,596,0.07132113377253214,,0.058817889571936156,1.0
7,densest_subgraph,,30,1.0,False,7,30,596,596,0.07074267864227295,,0.05893068636850714,1.0
8,densest_subgraph,,30,1.0,False,8,30,596,596,0.07024265130360921,,0.05893350628842141,1.0
9,densest_subgraph,,30,1.0,False,9,30,596,596,0.07056553363800049,,0.0589560656477356,1.0
0,densest_subgraph,,31,1.0,False,0,31,596,596,0.07032338380813599,,0.0590998815633636,1.0
1,densest_subgraph,,31,1.0,False,1,31,596,596,0.06987281640370686,,0.059108341323106425,1.0
2,densest_subgraph,,31,1.0,False,2,31,596,596,0.06914701461791992,,0.05914500028199199,1.0
3,densest_subgraph,,31,1.0,False,3,31,596,596,0.07119181950887045,,0.0590886018837065,1.0
4,densest_subgraph,,31,1.0,False,4,31,596,596,0.07066998481750489,,0.058995544526535444,1.0
5,densest_subgraph,,31,1.0,False,5,31,596,596,0.06944703658421834,,0.0590886018837065,1.0
6,densest_subgraph,,31,1.0,False,6,31,596,596,0.0692766030629476,,0.059113981162934974,1.0
7,densest_subgraph,,31,1.0,False,7,31,596,596,0.07084883451461792,,0.05910270148327788,1.0
8,densest_subgraph,,31,1.0,False,8,31,596,596,0.07129243214925131,,0.05904066324516384,1.0
9,densest_subgraph,,31,1.0,False,9,31,596,596,0.06996604998906454,,0.059071682364220855,1.0
0,densest_subgraph,,32,1.0,False,0,32,596,596,0.07118664979934693,,0.05935085443573403,1.0
1,densest_subgraph,,32,1.0,False,1,32,596,596,0.0710205356280009,,0.05924087755907732,1.0
2,densest_subgraph,,32,1.0,False,2,32,596,596,0.07095054785410564,,0.05921549827984885,1.0
3,densest_subgraph,,32,1.0,False,3,32,596,596,0.06941580375035604,,0.05930009587727709,1.0
4,densest_subgraph,,32,1.0,False,4,32,596,596,0.07266984780629476,,0.05925497715864869,1.0
5,densest_subgraph,,32,1.0,False,5,32,596,596,0.07074058055877686,,0.059192938920534656,1.0
6,densest_subgraph,,32,1.0,False,6,32,596,596,0.07083756526311238,,0.05926061699847724,1.0
7,densest_subgraph,,32,1.0,False,7,32,596,596,0.06953467925389607,,0.05921549827984885,1.0
8,densest_subgraph,,32,1.0,False,8,32,596,596,0.07030274868011474,,0.0592324177993345,1.0
9,densest_subgraph,,32,1.0,False,9,32,596,596,0.0701667825380961,,0.05921267835993458,1.0
0,densest_subgraph,,33,1.0,False,0,33,596,596,0.07193744977315267,,0.059401612994190965,1.0
1,densest_subgraph,,33,1.0,False,1,33,596,596,0.06941195329030354,,0.059441091872990806,1.0
2,densest_subgraph,,33,1.0,False,2,33,596,596,0.06985811789830526,,0.059407252834019514,1.0
3,densest_subgraph,,33,1.0,False,3,33,596,596,0.07070066531499226,,0.059404432914105236,1.0
4,densest_subgraph,,33,1.0,False,4,33,596,596,0.07173255284627279,,0.05937341379504822,1.0
5,densest_subgraph,,33,1.0,False,5,33,596,596,0.06929023265838623,,0.059395973154362416,1.0
6,densest_subgraph,,33,1.0,False,6,33,596,596,0.07297981977462768,,0.059452371552647904,1.0
7,densest_subgraph,,33,1.0,False,7,33,596,596,0.07177539666493733,,0.059317015396762734,1.0
8,densest_subgraph,,33,1.0,False,8,33,596,596,6.186188415686289,,0.05934521459590548,1.0
9,densest_subgraph,,33,1.0,False,9,33,596,596,0.06869964996973674,,0.059325475156505554,1.0
0,densest_subgraph,,34,1.0,False,0,34,596,596,0.06806197961171469,,0.059483390671704925,1.0
1,densest_subgraph,,34,1.0,False,1,34,596,596,0.06946823199590048,,0.05960182730810445,1.0
2,densest_subgraph,,34,1.0,False,2,34,596,596,0.06925353606541952,,0.05953414923016186,1.0
3,densest_subgraph,,34,1.0,False,3,34,596,596,0.06831969817479451,,0.05956234842930461,1.0
4,densest_subgraph,,34,1.0,False,4,34,596,596,0.06814945141474406,,0.05953978906999041,1.0
5,densest_subgraph,,34,1.0,False,5,34,596,596,0.06849981546401977,,0.05953414923016186,1.0
6,densest_subgraph,,34,1.0,False,6,34,596,596,0.06895806789398193,,0.05953978906999041,1.0
7,densest_subgraph,,34,1.0,False,7,34,596,596,0.06800029675165813,,0.05948057075179065,1.0
8,densest_subgraph,,34,1.0,False,8,34,596,596,0.06855936845143636,,0.059607467147932996,1.0
9,densest_subgraph,,34,1.0,False,9,34,596,596,0.06954363187154135,,0.05939315323444814,1.0
0,densest_subgraph,,35,1.0,False,0,35,596,596,0.06864739656448364,,0.05983024082116068,1.0
1,densest_subgraph,,35,1.0,False,1,35,596,596,0.0696471651395162,,0.05978230218261801,1.0
2,densest_subgraph,,35,1.0,False,2,35,596,596,0.07033118406931559,,0.05978794202244656,1.0
3,densest_subgraph,,35,1.0,False,3,35,596,596,1.5094120661417643,,0.05967514522587559,1.0
4,densest_subgraph,,35,1.0,False,4,35,596,596,0.07452191511789957,,0.05967796514578986,1.0
5,densest_subgraph,,35,1.0,False,5,35,596,596,0.08591976960500082,,0.059731543624161075,1.0
6,densest_subgraph,,35,1.0,False,6,35,596,596,0.07687478065490723,,0.05974846314364672,1.0
7,densest_subgraph,,35,1.0,False,7,35,596,596,0.07544503211975098,,0.05975410298347527,1.0
8,densest_subgraph,,35,1.0,False,8,35,596,596,0.07758020559946696,,0.05977384242287519,1.0
9,densest_subgraph,,35,1.0,False,9,35,596,596,0.0745739459991455,,0.05970334442501833,1.0
0,densest_subgraph,,2,0.9,False,0,2,596,596,0.07146909634272257,,0.056674750437087584,1.0
1,densest_subgraph,,2,0.9,False,1,2,596,596,0.07126788298288982,,0.05667757035700186,1.0
2,densest_subgraph,,2,0.9,False,2,2,596,596,0.07234687010447184,,0.056674750437087584,1.0
3,densest_subgraph,,2,0.9,False,3,2,596,596,0.07452739874521891,,0.05667757035700186,1.0
4,densest_subgraph,,2,0.9,False,4,2,596,596,0.07074374755223592,,0.05667757035700186,1.0
5,densest_subgraph,,2,0.9,False,5,2,596,596,0.07169909874598185,,0.05667757035700186,1.0
6,densest_subgraph,,2,0.9,False,6,2,596,596,0.07166738510131836,,0.05667193051717331,1.0
7,densest_subgraph,,2,0.9,False,7,2,596,596,0.07261676788330078,,0.05667757035700186,1.0
8,densest_subgraph,,2,0.9,False,8,2,596,596,0.06865094900131226,,0.05667757035700186,1.0
9,densest_subgraph,,2,0.9,False,9,2,596,596,0.07067376375198364,,0.05667757035700186,1.0
0,densest_subgraph,,3,0.9,False,0,3,596,596,0.07139025131861369,,0.05668885003665896,1.0
1,densest_subgraph,,3,0.9,False,1,3,596,596,0.06948116223017374,,0.05668885003665896,1.0
2,densest_subgraph,,3,0.9,False,2,3,596,596,0.06964823404947916,,0.05668885003665896,1.0
3,densest_subgraph,,3,0.9,False,3,3,596,596,0.07104601462682088,,0.05668885003665896,1.0
4,densest_subgraph,,3,0.9,False,4,3,596,596,0.07066826820373535,,0.05668885003665896,1.0
5,densest_subgraph,,3,0.9,False,5,3,596,596,0.07126036485036215,,0.05668885003665896,1.0
6,densest_subgraph,,3,0.9,False,6,3,596,596,0.07088951269785564,,0.05668885003665896,1.0
7,densest_subgraph,,3,0.9,False,7,3,596,596,0.07858850161234537,,0.05668885003665896,1.0
8,densest_subgraph,,3,0.9,False,8,3,596,596,0.07189203103383382,,0.05668885003665896,1.0
9,densest_subgraph,,3,0.9,False,9,3,596,596,0.07082024812698365,,0.05668885003665896,1.0
0,densest_subgraph,,4,0.9,False,0,4,596,596,0.07037687301635742,,0.05670012971631606,0.9166666666666666
1,densest_subgraph,,4,0.9,False,1,4,596,596,0.06954535245895385,,0.05670294963623033,0.9166666666666666
2,densest_subgraph,,4,0.9,False,2,4,596,596,0.07407649755477905,,0.05670294963623033,0.9166666666666666
3,densest_subgraph,,4,0.9,False,3,4,596,596,0.07601978778839111,,0.05670012971631606,0.9166666666666666
4,densest_subgraph,,4,0.9,False,4,4,596,596,0.07367329597473145,,0.05669166995657323,0.9166666666666666
5,densest_subgraph,,4,0.9,False,5,4,596,596,0.07375656366348267,,0.05669166995657323,0.9166666666666666
6,densest_subgraph,,4,0.9,False,6,4,596,596,0.07405686775843302,,0.05670012971631606,0.9166666666666666
7,densest_subgraph,,4,0.9,False,7,4,596,596,0.07126420338948568,,0.05669730979640178,0.9166666666666666
8,densest_subgraph,,4,0.9,False,8,4,596,596,0.08165510098139445,,0.05670012971631606,0.9166666666666666
9,densest_subgraph,,4,0.9,False,9,4,596,596,0.07391777038574218,,0.05670294963623033,0.9166666666666666
0,densest_subgraph,,5,0.9,False,0,5,596,596,0.07669166326522828,,0.05671986915571598,0.9
1,densest_subgraph,,5,0.9,False,1,5,596,596,0.07662243445714315,,0.056711409395973154,0.9
2,densest_subgraph,,5,0.9,False,2,5,596,596,0.06948581536610922,,0.05672268907563025,0.9
3,densest_subgraph,,5,0.9,False,3,5,596,596,0.06942929824193318,,0.05671422931588743,0.9
4,densest_subgraph,,5,0.9,False,4,5,596,596,0.07108016808827718,,0.05672268907563025,0.9
5,densest_subgraph,,5,0.9,False,5,5,596,596,0.0708457867304484,,0.05670858947605888,0.9
6,densest_subgraph,,5,0.9,False,6,5,596,596,0.07091960112253824,,0.05671986915571598,0.9
7,densest_subgraph,,5,0.9,False,7,5,596,596,0.07395691871643066,,0.05671986915571598,0.9
8,densest_subgraph,,5,0.9,False,8,5,596,596,0.07120288610458374,,0.05672268907563025,0.9
9,densest_subgraph,,5,0.9,False,9,5,596,596,0.07390586535135905,,0.05671422931588743,0.9
0,densest_subgraph,,6,0.9,False,0,6,596,596,0.07583734591801962,,0.05674524843494445,0.9
1,densest_subgraph,,6,0.9,False,1,6,596,596,0.07332299947738648,,0.05673678867520163,0.9
2,densest_subgraph,,6,0.9,False,2,6,596,596,0.07365845044453939,,0.05674524843494445,0.9
3,densest_subgraph,,6,0.9,False,3,6,596,596,0.07481978336970012,,0.0567396085951159,0.9
4,densest_subgraph,,6,0.9,False,4,6,596,596,0.07387428283691407,,0.056742428515030176,0.9
5,densest_subgraph,,6,0.9,False,5,6,596,596,0.0735289454460144,,0.056742428515030176,0.9
6,densest_subgraph,,6,0.9,False,6,6,596,596,0.07817248503367107,,0.056748068354858724,0.9
7,densest_subgraph,,6,0.9,False,7,6,596,596,0.07514566580454508,,0.056742428515030176,0.9
8,densest_subgraph,,6,0.9,False,8,6,596,596,0.0736804485321045,,0.056748068354858724,0.9
9,densest_subgraph,,6,0.9,False,9,6,596,596,0.07288570006688436,,0.05673678867520163,0.9
0,densest_subgraph,,7,0.9,False,0,7,596,596,0.08694903453191122,,0.05676780779425864,0.9047619047619048
1,densest_subgraph,,7,0.9,False,1,7,596,596,0.09095505078633627,,0.05677062771417292,0.9047619047619048
2,densest_subgraph,,7,0.9,False,2,7,596,596,0.07405543327331543,,0.05676780779425864,0.9047619047619048
3,densest_subgraph,,7,0.9,False,3,7,596,596,0.0737236499786377,,0.05676780779425864,0.9047619047619048
4,densest_subgraph,,7,0.9,False,4,7,596,596,0.07283681233723958,,0.05677626755400147,0.9047619047619048
5,densest_subgraph,,7,0.9,False,5,7,596,596,0.0818057656288147,,0.05676216795443009,0.9047619047619048
6,densest_subgraph,,7,0.9,False,6,7,596,596,0.07330429951349894,,0.05677062771417292,0.9047619047619048
7,densest_subgraph,,7,0.9,False,7,7,596,596,0.07182793219884237,,0.05676216795443009,0.9047619047619048
8,densest_subgraph,,7,0.9,False,8,7,596,596,0.07211113373438517,,0.05677062771417292,0.9047619047619048
9,densest_subgraph,,7,0.9,False,9,7,596,596,0.07174668312072754,,0.05677344763408719,0.9047619047619048
0,densest_subgraph,,8,0.9,False,0,8,596,596,0.07161518732706705,,0.05680446675314421,0.9107142857142857
1,densest_subgraph,,8,0.9,False,1,8,596,596,0.06984955469767253,,0.05680728667305848,0.9107142857142857
2,densest_subgraph,,8,0.9,False,2,8,596,596,0.07362052996953329,,0.056801646833229934,0.9107142857142857
3,densest_subgraph,,8,0.9,False,3,8,596,596,0.07634431521097819,,0.05680728667305848,0.9107142857142857
4,densest_subgraph,,8,0.9,False,4,8,596,596,0.0803041656812032,,0.05680446675314421,0.9107142857142857
5,densest_subgraph,,8,0.9,False,5,8,596,596,0.07329837878545126,,0.056801646833229934,0.9107142857142857
6,densest_subgraph,,8,0.9,False,6,8,596,596,0.07727478742599488,,0.05680446675314421,0.9107142857142857
7,densest_subgraph,,8,0.9,False,7,8,596,596,0.07566583553949992,,0.05679882691331566,0.9107142857142857
8,densest_subgraph,,8,0.9,False,8,8,596,596,0.07380156517028809,,0.05679882691331566,0.9107142857142857
9,densest_subgraph,,8,0.9,False,9,8,596,596,0.07674961884816488,,0.05677344763408719,0.9107142857142857
0,densest_subgraph,,9,0.9,False,0,9,596,596,0.07570035060246785,,0.05683548587220123,0.9027777777777778
1,densest_subgraph,,9,0.9,False,1,9,596,596,0.0721019983291626,,0.056832665952286955,0.9027777777777778
2,densest_subgraph,,9,0.9,False,2,9,596,596,0.07337726354598999,,0.05684112571202978,0.9027777777777778
3,densest_subgraph,,9,0.9,False,3,9,596,596,0.07201876640319824,,0.05683548587220123,0.9027777777777778
4,densest_subgraph,,9,0.9,False,4,9,596,596,0.07265752951304118,,0.05682984603237268,0.9027777777777778
5,densest_subgraph,,9,0.9,False,5,9,596,596,0.07356313069661459,,0.05681856635271558,0.9027777777777778
6,densest_subgraph,,9,0.9,False,6,9,596,596,0.07559868494669596,,0.056832665952286955,0.9027777777777778
7,densest_subgraph,,9,0.9,False,7,9,596,596,0.07582165002822876,,0.056838305792115504,0.9027777777777778
8,densest_subgraph,,9,0.9,False,8,9,596,596,0.07213488419850668,,0.05684112571202978,0.9027777777777778
9,densest_subgraph,,9,0.9,False,9,9,596,596,0.07610496679941813,,0.05684676555185833,0.9027777777777778
0,densest_subgraph,,10,0.9,False,0,10,596,596,0.07571733395258586,,0.05688624443065817,0.9
1,densest_subgraph,,10,0.9,False,1,10,596,596,0.07391098737716675,,0.056872144831086796,0.9
2,densest_subgraph,,10,0.9,False,2,10,596,596,0.07436748345692952,,0.056863685071343976,0.9
3,densest_subgraph,,10,0.9,False,3,10,596,596,0.07436198393503825,,0.05688906435057244,0.9
4,densest_subgraph,,10,0.9,False,4,10,596,596,0.07257380485534667,,0.05688060459082962,0.9
5,densest_subgraph,,10,0.9,False,5,10,596,596,0.07598331769307455,,0.056872144831086796,0.9
6,densest_subgraph,,10,0.9,False,6,10,596,596,0.08173973162968953,,0.05686650499125825,0.9
7,densest_subgraph,,10,0.9,False,7,10,596,596,0.07867228587468465,,0.056869324911172525,0.9
8,densest_subgraph,,10,0.9,False,8,10,596,596,0.07738709847132365,,0.056869324911172525,0.9
9,densest_subgraph,,10,0.9,False,9,10,596,596,0.07868503332138062,,0.056863685071343976,0.9
0,densest_subgraph,,11,0.9,False,0,11,596,596,0.07414615154266357,,0.05693418306920083,0.9
1,densest_subgraph,,11,0.9,False,1,11,596,596,0.09171098470687866,,0.05693982290902938,0.9
2,densest_subgraph,,11,0.9,False,2,11,596,596,0.08123811880747477,,0.056922903389543734,0.9
3,densest_subgraph,,11,0.9,False,3,11,596,596,0.09891375303268432,,0.05693982290902938,0.9
4,densest_subgraph,,11,0.9,False,4,11,596,596,0.08554743528366089,,0.056914443629800915,0.9
5,densest_subgraph,,11,0.9,False,5,11,596,596,0.07655218442281088,,0.05692854322937228,0.9
6,densest_subgraph,,11,0.9,False,6,11,596,596,0.07623268763224283,,0.056922903389543734,0.9
7,densest_subgraph,,11,0.9,False,7,11,596,596,0.07311760187149048,,0.056917263549715186,0.9
8,densest_subgraph,,11,0.9,False,8,11,596,596,0.07357337872187296,,0.05693418306920083,0.9
9,densest_subgraph,,11,0.9,False,9,11,596,596,0.07422974904378256,,0.05693700298911511,0.9
0,densest_subgraph,,12,0.9,False,0,12,596,596,0.07322575251261393,,0.05697648186791495,0.9015151515151515
1,densest_subgraph,,12,0.9,False,1,12,596,596,0.07168246507644653,,0.05697648186791495,0.9015151515151515
2,densest_subgraph,,12,0.9,False,2,12,596,596,0.07614185015360514,,0.0569821217077435,0.9015151515151515
3,densest_subgraph,,12,0.9,False,3,12,596,596,0.08128827015558879,,0.05697648186791495,0.9015151515151515
4,densest_subgraph,,12,0.9,False,4,12,596,596,0.07432268063227336,,0.05697648186791495,0.9015151515151515
5,densest_subgraph,,12,0.9,False,5,12,596,596,0.08185028632481893,,0.05696802210817213,0.9015151515151515
6,densest_subgraph,,12,0.9,False,6,12,596,596,0.07961480220158895,,0.0569934013874006,0.9015151515151515
7,densest_subgraph,,12,0.9,False,7,12,596,596,0.08873949845631918,,0.05698494162765778,0.9015151515151515
8,densest_subgraph,,12,0.9,False,8,12,596,596,0.08792393604914348,,0.05697366194800068,0.9015151515151515
9,densest_subgraph,,12,0.9,False,9,12,596,596,0.0959040641784668,,0.05696238226834358,0.9015151515151515
0,densest_subgraph,,13,0.9,False,0,13,596,596,0.11722696622212728,,0.05702442050645762,0.9038461538461539
1,densest_subgraph,,13,0.9,False,1,13,596,596,0.08143186966578166,,0.057038520106028986,0.9038461538461539
2,densest_subgraph,,13,0.9,False,2,13,596,596,0.07775991360346476,,0.057035700186114716,0.9038461538461539
3,densest_subgraph,,13,0.9,False,3,13,596,596,0.07745367288589478,,0.057041340025943264,0.9038461538461539
4,densest_subgraph,,13,0.9,False,4,13,596,596,0.07834883530934651,,0.057041340025943264,0.9038461538461539
5,densest_subgraph,,13,0.9,False,5,13,596,596,0.08074479897816976,,0.057049799785686084,0.9038461538461539
6,densest_subgraph,,13,0.9,False,6,13,596,596,0.07305496533711751,,0.057038520106028986,0.9038461538461539
7,densest_subgraph,,13,0.9,False,7,13,596,596,0.07400558392206828,,0.05703006034628617,0.9038461538461539
8,densest_subgraph,,13,0.9,False,8,13,596,596,0.07499494552612304,,0.057049799785686084,0.9038461538461539
9,densest_subgraph,,13,0.9,False,9,13,596,596,0.07956626415252685,,0.057038520106028986,0.9038461538461539
0,densest_subgraph,,14,0.9,False,0,14,596,596,0.07372796535491943,,0.05708927866448593,0.9010989010989011
1,densest_subgraph,,14,0.9,False,1,14,596,596,0.0750420331954956,,0.05707799898482883,0.9010989010989011
2,densest_subgraph,,14,0.9,False,2,14,596,596,0.07321231762568156,,0.05709491850431448,0.9010989010989011
3,densest_subgraph,,14,0.9,False,3,14,596,596,0.07569615046183269,,0.057080818904743105,0.9010989010989011
4,densest_subgraph,,14,0.9,False,4,14,596,596,0.07106621662775675,,0.0570920985844002,0.9010989010989011
5,densest_subgraph,,14,0.9,False,5,14,596,596,0.07406538327534994,,0.05709491850431448,0.9010989010989011
6,densest_subgraph,,14,0.9,False,6,14,596,596,0.07560046513875325,,0.05707799898482883,0.9010989010989011
7,densest_subgraph,,14,0.9,False,7,14,596,596,0.07389191786448161,,0.057117477863628675,0.9010989010989011
8,densest_subgraph,,14,0.9,False,8,14,596,596,0.07212589581807455,,0.05709491850431448,0.9010989010989011
9,densest_subgraph,,14,0.9,False,9,14,596,596,0.07386268377304077,,0.05710055834414303,0.9010989010989011
0,densest_subgraph,,15,0.9,False,0,15,596,596,0.07158476909001668,,0.05717387626191416,0.9
1,densest_subgraph,,15,0.9,False,1,15,596,596,0.07035506963729858,,0.05713439738311432,0.9
2,densest_subgraph,,15,0.9,False,2,15,596,596,0.07011570533116658,,0.057168236422085614,0.9
3,densest_subgraph,,15,0.9,False,3,15,596,596,0.0753330667813619,,0.05712875754328577,0.9
4,densest_subgraph,,15,0.9,False,4,15,596,596,0.07243455251057943,,0.057131577463200044,0.9
5,densest_subgraph,,15,0.9,False,5,15,596,596,0.07196870247522989,,0.057156956742428516,0.9
6,densest_subgraph,,15,0.9,False,6,15,596,596,0.07274217208226522,,0.057125937623371495,0.9
7,densest_subgraph,,15,0.9,False,7,15,596,596,0.07296823263168335,,0.057171056341999885,0.9
8,densest_subgraph,,15,0.9,False,8,15,596,596,0.0721740484237671,,0.05719361570131408,0.9
9,densest_subgraph,,15,0.9,False,9,15,596,596,0.07548329830169678,,0.057156956742428516,0.9
0,densest_subgraph,,16,0.9,False,0,16,596,596,0.07312608559926351,,0.057247194179685296,0.9
1,densest_subgraph,,16,0.9,False,1,16,596,596,0.07225210269292195,,0.05722745474028538,0.9
2,densest_subgraph,,16,0.9,False,2,16,596,596,0.07165058851242065,,0.05718515594157126,0.9
3,densest_subgraph,,16,0.9,False,3,16,596,596,0.07236854632695516,,0.05723027466019965,0.9
4,densest_subgraph,,16,0.9,False,4,16,596,596,0.07252848148345947,,0.0572246348203711,0.9
5,densest_subgraph,,16,0.9,False,5,16,596,596,0.07092313766479492,,0.05721899498054255,0.9
6,densest_subgraph,,16,0.9,False,6,16,596,596,0.07247163454691569,,0.05721053522079973,0.9
7,densest_subgraph,,16,0.9,False,7,16,596,596,0.07213048140207927,,0.057252834019513844,0.9
8,densest_subgraph,,16,0.9,False,8,16,596,596,0.07324755191802979,,0.057213355140714,0.9
9,densest_subgraph,,16,0.9,False,9,16,596,596,0.07319586674372355,,0.057202075461056906,0.9
0,densest_subgraph,,17,0.9,False,0,17,596,596,0.0737166961034139,,0.05727539337882804,0.9007352941176471
1,densest_subgraph,,17,0.9,False,1,17,596,596,0.0727042317390442,,0.057326151937284985,0.9007352941176471
2,densest_subgraph,,17,0.9,False,2,17,596,596,0.07244097789128622,,0.05727821329874232,0.9007352941176471
3,densest_subgraph,,17,0.9,False,3,17,596,596,0.07355969746907552,,0.057297952738142234,0.9007352941176471
4,densest_subgraph,,17,0.9,False,4,17,596,596,0.07967025438944499,,0.05730077265805651,0.9007352941176471
5,densest_subgraph,,17,0.9,False,5,17,596,596,0.08295321861902873,,0.05726411369917094,0.9007352941176471
6,densest_subgraph,,17,0.9,False,6,17,596,596,0.07976494630177816,,0.057297952738142234,0.9007352941176471
7,densest_subgraph,,17,0.9,False,7,17,596,596,0.08123886585235596,,0.05726411369917094,0.9007352941176471
8,densest_subgraph,,17,0.9,False,8,17,596,596,0.07448195219039917,,0.057252834019513844,0.9007352941176471
9,densest_subgraph,,17,0.9,False,9,17,596,596,0.0804695169130961,,0.057292312898313685,0.9007352941176471
0,densest_subgraph,,18,0.9,False,0,18,596,596,0.07611143191655477,,0.057371270655913374,0.9019607843137255
1,densest_subgraph,,18,0.9,False,1,18,596,596,0.08819183508555094,,0.057371270655913374,0.9019607843137255
2,densest_subgraph,,18,0.9,False,2,18,596,596,0.0855777661005656,,0.05738255033557047,0.9019607843137255
3,densest_subgraph,,18,0.9,False,3,18,596,596,0.08364861408869426,,0.05740228977497039,0.9019607843137255
4,densest_subgraph,,18,0.9,False,4,18,596,596,0.08731908400853475,,0.05739946985505612,0.9019607843137255
5,densest_subgraph,,18,0.9,False,5,18,596,596,0.08908307154973348,,0.05739383001522757,0.9019607843137255
6,densest_subgraph,,18,0.9,False,6,18,596,596,0.08176408211390178,,0.05735435113642773,0.9019607843137255
7,densest_subgraph,,18,0.9,False,7,18,596,596,0.07120716571807861,,0.05735999097625628,0.9019607843137255
8,densest_subgraph,,18,0.9,False,8,18,596,596,0.07210646470387777,,0.057365630816084826,0.9019607843137255
9,densest_subgraph,,18,0.9,False,9,18,596,596,0.07266519864400228,,0.057379730415656194,0.9019607843137255
0,densest_subgraph,,19,0.9,False,0,19,596,596,0.07440738280614217,,0.057492527212227175,0.9005847953216374
1,densest_subgraph,,19,0.9,False,1,19,596,596,0.07183330456415812,,0.05747560769274153,0.9005847953216374
2,densest_subgraph,,19,0.9,False,2,19,596,596,0.07175019979476929,,0.057461508093170154,0.9005847953216374
3,densest_subgraph,,19,0.9,False,3,19,596,596,0.07343076864878337,,0.0574784276126558,0.9005847953216374
4,densest_subgraph,,19,0.9,False,4,19,596,596,0.07268338203430176,,0.057419209294456035,0.9005847953216374
5,densest_subgraph,,19,0.9,False,5,19,596,596,0.07139021555582682,,0.057453048333427334,0.9005847953216374
6,densest_subgraph,,19,0.9,False,6,19,596,596,0.07181555032730103,,0.057450228413513056,0.9005847953216374
7,densest_subgraph,,19,0.9,False,7,19,596,596,0.07374194860458375,,0.0574671479329987,0.9005847953216374
8,densest_subgraph,,19,0.9,False,8,19,596,596,0.07238361438115438,,0.05743048897411313,0.9005847953216374
9,densest_subgraph,,19,0.9,False,9,19,596,596,0.07130226691563925,,0.057453048333427334,0.9005847953216374
0,densest_subgraph,,20,0.9,False,0,20,596,596,0.07275396585464478,,0.05751508657154137,0.9
1,densest_subgraph,,20,0.9,False,1,20,596,596,0.07539947032928467,,0.057495347132141446,0.9
2,densest_subgraph,,20,0.9,False,2,20,596,596,0.0727109710375468,,0.05743894873385596,0.9
3,densest_subgraph,,20,0.9,False,3,20,596,596,0.07410024801890056,,0.05755456545034121,0.9
4,densest_subgraph,,20,0.9,False,4,20,596,596,0.07212069829305014,,0.05751790649145564,0.9
5,densest_subgraph,,20,0.9,False,5,20,596,596,0.07311169703801473,,0.05758558456939823,0.9
6,densest_subgraph,,20,0.9,False,6,20,596,596,0.07049524784088135,,0.05753482601094129,0.9
7,densest_subgraph,,20,0.9,False,7,20,596,596,0.07261111338933308,,0.05750380689188427,0.9
8,densest_subgraph,,20,0.9,False,8,20,596,596,0.07221057017644246,,0.057574304889741135,0.9
9,densest_subgraph,,20,0.9,False,9,20,596,596,0.07355053027470906,,0.057546105690598384,0.9
0,densest_subgraph,,21,0.9,False,0,21,596,596,0.07353734970092773,,0.05761660368845525,0.9
1,densest_subgraph,,21,0.9,False,1,21,596,596,0.07352364460627238,,0.05763634312785517,0.9
2,densest_subgraph,,21,0.9,False,2,21,596,596,0.07117700179417928,,0.05767582200665501,0.9
3,densest_subgraph,,21,0.9,False,3,21,596,596,0.07245240211486817,,0.05764762280751227,0.9
4,densest_subgraph,,21,0.9,False,4,21,596,596,0.07378576596577963,,0.057622243528283795,0.9
5,densest_subgraph,,21,0.9,False,5,21,596,596,0.07945738236109416,,0.05767018216682646,0.9
6,densest_subgraph,,21,0.9,False,6,21,596,596,0.0780484676361084,,0.057619423608369524,0.9
7,densest_subgraph,,21,0.9,False,7,21,596,596,0.08532050053278604,,0.05759686424905533,0.9
8,densest_subgraph,,21,0.9,False,8,21,596,596,0.07453180154164632,,0.05764762280751227,0.9
9,densest_subgraph,,21,0.9,False,9,21,596,596,0.07046534617741902,,0.05759686424905533,0.9
